{
  "run_id": "A_k12_s3",
  "axis": "A_seeds",
  "variant": "reference_prepro",
  "k": 12,
  "seed": 3,
  "n_terms": 5002,
  "n_common_vocab": 5002,
  "cv": 0.3536452998964122,
  "mean_js_to_matched_ref": 0.5198880955576897,
  "mean_top10_overlap_with_ref": 0.34166666666666673,
  "layers_by_topic": {
    "0": "institutional",
    "1": "institutional",
    "2": "institutional",
    "3": "technology",
    "4": "operational",
    "5": "meta",
    "6": "technology",
    "7": "operational",
    "8": "technology",
    "9": "institutional",
    "10": "operational",
    "11": "institutional"
  },
  "table_pct": {
    "operational": {
      "2007-2014": 42.74883931490574,
      "2015-2018": 48.63287078756912,
      "2019-2022": 33.74993301575564,
      "2023-2026": 31.251661128699954
    },
    "institutional": {
      "2007-2014": 47.09479595221637,
      "2015-2018": 39.402602521295194,
      "2019-2022": 45.1824834017235,
      "2023-2026": 47.608146491139294
    },
    "technology": {
      "2007-2014": 8.773302727058763,
      "2015-2018": 7.2730091668745445,
      "2019-2022": 12.573175148564689,
      "2023-2026": 17.410075584780316
    },
    "meta": {
      "2007-2014": 1.383060980697337,
      "2015-2018": 4.691517346273031,
      "2019-2022": 8.494407983792675,
      "2023-2026": 3.730120507888538
    }
  },
  "op_first": 42.74883931490574,
  "op_last": 31.251661128699954,
  "op_delta": -11.497178186205783,
  "op_monotone_decline": false,
  "inst_first": 47.09479595221637,
  "inst_last": 47.608146491139294,
  "inst_delta": 0.5133505389229214,
  "crossover_last_period": true,
  "tech_delta": 8.636772857721553,
  "meta_delta": 2.347059527191201,
  "corr_with_thesis_table": 0.8412069184953195,
  "max_abs_dev_pp": 21.794795952216372
}