{
  "run_id": "A_k12_s21",
  "axis": "A_seeds",
  "variant": "reference_prepro",
  "k": 12,
  "seed": 21,
  "n_terms": 5002,
  "n_common_vocab": 5002,
  "cv": 0.39083499587951875,
  "mean_js_to_matched_ref": 0.5151199375589689,
  "mean_top10_overlap_with_ref": 0.3499999999999999,
  "layers_by_topic": {
    "0": "operational",
    "1": "institutional",
    "2": "institutional",
    "3": "institutional",
    "4": "operational",
    "5": "operational",
    "6": "technology",
    "7": "technology",
    "8": "institutional",
    "9": "meta",
    "10": "operational",
    "11": "institutional"
  },
  "table_pct": {
    "operational": {
      "2007-2014": 33.17658934744638,
      "2015-2018": 36.973604057075136,
      "2019-2022": 26.938310725535203,
      "2023-2026": 23.183878543742743
    },
    "institutional": {
      "2007-2014": 43.12645065698841,
      "2015-2018": 42.14764775664662,
      "2019-2022": 50.69358244893212,
      "2023-2026": 40.11340292552934
    },
    "technology": {
      "2007-2014": 22.264139560259842,
      "2015-2018": 19.163021572348953,
      "2019-2022": 19.02238036022431,
      "2023-2026": 24.611013102859637
    },
    "meta": {
      "2007-2014": 1.4328197873207196,
      "2015-2018": 1.715727655464434,
      "2019-2022": 3.3457283301524714,
      "2023-2026": 12.091706333546881
    }
  },
  "op_first": 33.17658934744638,
  "op_last": 23.183878543742743,
  "op_delta": -9.992710803703638,
  "op_monotone_decline": false,
  "inst_first": 43.12645065698841,
  "inst_last": 40.11340292552934,
  "inst_delta": -3.013047731459068,
  "crossover_last_period": true,
  "tech_delta": 2.346873542599795,
  "meta_delta": 10.658886546226162,
  "corr_with_thesis_table": 0.704945212716891,
  "max_abs_dev_pp": 25.723410652553618
}