{
  "run_id": "A_k12_s1",
  "axis": "A_seeds",
  "variant": "reference_prepro",
  "k": 12,
  "seed": 1,
  "n_terms": 5002,
  "n_common_vocab": 5002,
  "cv": 0.35306860525138517,
  "mean_js_to_matched_ref": 0.4994734103480975,
  "mean_top10_overlap_with_ref": 0.37500000000000006,
  "layers_by_topic": {
    "0": "institutional",
    "1": "institutional",
    "2": "operational",
    "3": "technology",
    "4": "technology",
    "5": "operational",
    "6": "operational",
    "7": "operational",
    "8": "meta",
    "9": "institutional",
    "10": "institutional",
    "11": "operational"
  },
  "table_pct": {
    "operational": {
      "2007-2014": 60.01636637908329,
      "2015-2018": 56.0241878720808,
      "2019-2022": 44.97491324929191,
      "2023-2026": 34.14272713570578
    },
    "institutional": {
      "2007-2014": 31.669569446300255,
      "2015-2018": 31.896678565699403,
      "2019-2022": 39.444621626599755,
      "2023-2026": 43.38186750768121
    },
    "technology": {
      "2007-2014": 8.30284231821376,
      "2015-2018": 11.402451684643893,
      "2019-2022": 12.231643550629896,
      "2023-2026": 14.61312948340113
    },
    "meta": {
      "2007-2014": 0.011224509156212054,
      "2015-2018": 0.676684291120182,
      "2019-2022": 3.3488232067449846,
      "2023-2026": 7.862275794551958
    }
  },
  "op_first": 60.01636637908329,
  "op_last": 34.14272713570578,
  "op_delta": -25.873639243377504,
  "op_monotone_decline": true,
  "inst_first": 31.669569446300255,
  "inst_last": 43.38186750768121,
  "inst_delta": 11.712298061380952,
  "crossover_last_period": true,
  "tech_delta": 6.31028716518737,
  "meta_delta": 7.851051285395746,
  "corr_with_thesis_table": 0.9679352938938663,
  "max_abs_dev_pp": 9.58687051659887
}