{
  "run_id": "A_k12_s7",
  "axis": "A_seeds",
  "variant": "reference_prepro",
  "k": 12,
  "seed": 7,
  "n_terms": 5002,
  "n_common_vocab": 5002,
  "cv": 0.42953886052510953,
  "mean_js_to_matched_ref": 0.4790545826156934,
  "mean_top10_overlap_with_ref": 0.3666666666666667,
  "layers_by_topic": {
    "0": "institutional",
    "1": "technology",
    "2": "institutional",
    "3": "technology",
    "4": "operational",
    "5": "technology",
    "6": "operational",
    "7": "technology",
    "8": "meta",
    "9": "operational",
    "10": "institutional",
    "11": "institutional"
  },
  "table_pct": {
    "operational": {
      "2007-2014": 58.49993913701231,
      "2015-2018": 49.85177233043942,
      "2019-2022": 38.59066037305133,
      "2023-2026": 34.35603216913705
    },
    "institutional": {
      "2007-2014": 28.353476502343256,
      "2015-2018": 29.226162711820507,
      "2019-2022": 32.804826627899374,
      "2023-2026": 29.010045074752117
    },
    "technology": {
      "2007-2014": 8.776989210552227,
      "2015-2018": 14.43347707414432,
      "2019-2022": 17.132200320718564,
      "2023-2026": 27.59552044606532
    },
    "meta": {
      "2007-2014": 4.369597739302359,
      "2015-2018": 6.488586667182972,
      "2019-2022": 11.472315607057276,
      "2023-2026": 9.038403530833722
    }
  },
  "op_first": 58.49993913701231,
  "op_last": 34.35603216913705,
  "op_delta": -24.14390696787526,
  "op_monotone_decline": true,
  "inst_first": 28.353476502343256,
  "inst_last": 29.010045074752117,
  "inst_delta": 0.6565685724088617,
  "crossover_last_period": false,
  "tech_delta": 18.818531235513092,
  "meta_delta": 4.668805791531364,
  "corr_with_thesis_table": 0.967766959529195,
  "max_abs_dev_pp": 10.409339626948672
}