{
  "run_id": "A_k12_s13",
  "axis": "A_seeds",
  "variant": "reference_prepro",
  "k": 12,
  "seed": 13,
  "n_terms": 5002,
  "n_common_vocab": 5002,
  "cv": 0.40534056503463645,
  "mean_js_to_matched_ref": 0.48884396255016327,
  "mean_top10_overlap_with_ref": 0.41666666666666674,
  "layers_by_topic": {
    "0": "operational",
    "1": "meta",
    "2": "operational",
    "3": "operational",
    "4": "technology",
    "5": "institutional",
    "6": "institutional",
    "7": "technology",
    "8": "institutional",
    "9": "institutional",
    "10": "institutional",
    "11": "operational"
  },
  "table_pct": {
    "operational": {
      "2007-2014": 65.13405853947916,
      "2015-2018": 59.822953055190744,
      "2019-2022": 41.73696742739089,
      "2023-2026": 31.96639835764093
    },
    "institutional": {
      "2007-2014": 25.99290290963836,
      "2015-2018": 24.427102397876297,
      "2019-2022": 39.04081994670883,
      "2023-2026": 43.403707308342135
    },
    "technology": {
      "2007-2014": 7.484283000303549,
      "2015-2018": 11.090993522138888,
      "2019-2022": 13.160694971488232,
      "2023-2026": 19.5785517322823
    },
    "meta": {
      "2007-2014": 1.3887521013505952,
      "2015-2018": 4.658952340741962,
      "2019-2022": 6.061520988304336,
      "2023-2026": 5.051342521517199
    }
  },
  "op_first": 65.13405853947916,
  "op_last": 31.96639835764093,
  "op_delta": -33.16766018183823,
  "op_monotone_decline": true,
  "inst_first": 25.99290290963836,
  "inst_last": 43.403707308342135,
  "inst_delta": 17.410804398703775,
  "crossover_last_period": true,
  "tech_delta": 12.094268731978751,
  "meta_delta": 3.662590420166604,
  "corr_with_thesis_table": 0.9679252681437688,
  "max_abs_dev_pp": 8.740819946708829
}