{
  "run_id": "B_k10_s21",
  "axis": "B_k",
  "variant": "k10",
  "k": 10,
  "seed": 21,
  "n_terms": 5002,
  "n_common_vocab": 5002,
  "cv": 0.38210300997129243,
  "mean_js_to_matched_ref": 0.5011283099651337,
  "mean_top10_overlap_with_ref": 0.35,
  "layers_by_topic": {
    "0": "operational",
    "1": "institutional",
    "2": "institutional",
    "3": "institutional",
    "4": "operational",
    "5": "operational",
    "6": "operational",
    "7": "technology",
    "8": "institutional",
    "9": "meta"
  },
  "table_pct": {
    "operational": {
      "2007-2014": 68.2591560401003,
      "2015-2018": 56.76578785791207,
      "2019-2022": 49.14206424356962,
      "2023-2026": 32.02840251628534
    },
    "institutional": {
      "2007-2014": 21.622028972888074,
      "2015-2018": 31.7446398112952,
      "2019-2022": 42.86687942469952,
      "2023-2026": 39.21443903934308
    },
    "technology": {
      "2007-2014": 8.038180033994042,
      "2015-2018": 9.65958817385399,
      "2019-2022": 4.0874729964384136,
      "2023-2026": 14.947917490360396
    },
    "meta": {
      "2007-2014": 2.080636750118477,
      "2015-2018": 1.8299845662113512,
      "2019-2022": 3.903586072103483,
      "2023-2026": 13.809241866844483
    }
  },
  "op_first": 68.2591560401003,
  "op_last": 32.02840251628534,
  "op_delta": -36.230753523814954,
  "op_monotone_decline": true,
  "inst_first": 21.622028972888074,
  "inst_last": 39.21443903934308,
  "inst_delta": 17.592410066455002,
  "crossover_last_period": true,
  "tech_delta": 6.909737456366354,
  "meta_delta": 11.728605116726005,
  "corr_with_thesis_table": 0.9562338117560311,
  "max_abs_dev_pp": 12.712527003561586
}