{
  "run_id": "B_k10_s7",
  "axis": "B_k",
  "variant": "k10",
  "k": 10,
  "seed": 7,
  "n_terms": 5002,
  "n_common_vocab": 5002,
  "cv": 0.4054493176055781,
  "mean_js_to_matched_ref": 0.4674453318119049,
  "mean_top10_overlap_with_ref": 0.44000000000000006,
  "layers_by_topic": {
    "0": "institutional",
    "1": "technology",
    "2": "institutional",
    "3": "institutional",
    "4": "operational",
    "5": "technology",
    "6": "operational",
    "7": "technology",
    "8": "meta",
    "9": "institutional"
  },
  "table_pct": {
    "operational": {
      "2007-2014": 52.769422646876286,
      "2015-2018": 48.25040180203359,
      "2019-2022": 31.480642305420286,
      "2023-2026": 20.486145821125014
    },
    "institutional": {
      "2007-2014": 36.4043246755197,
      "2015-2018": 34.18849706860783,
      "2019-2022": 41.635693647347374,
      "2023-2026": 41.43981110520751
    },
    "technology": {
      "2007-2014": 7.010674267318488,
      "2015-2018": 11.154741849095444,
      "2019-2022": 14.71432207706837,
      "2023-2026": 26.90029609331077
    },
    "meta": {
      "2007-2014": 3.8155776335770497,
      "2015-2018": 6.406358897547762,
      "2019-2022": 12.169344349968014,
      "2023-2026": 11.173747886588597
    }
  },
  "op_first": 52.769422646876286,
  "op_last": 20.486145821125014,
  "op_delta": -32.28327682575127,
  "op_monotone_decline": true,
  "inst_first": 36.4043246755197,
  "inst_last": 41.43981110520751,
  "inst_delta": 5.035486429687808,
  "crossover_last_period": true,
  "tech_delta": 19.889621825992283,
  "meta_delta": 7.358170253011547,
  "corr_with_thesis_table": 0.8943747234868992,
  "max_abs_dev_pp": 17.519357694579714
}