{
  "run_id": "C_no_domain_stop_s42",
  "axis": "C_prepro",
  "variant": "no_domain_stop",
  "k": 12,
  "seed": 42,
  "n_terms": 5517,
  "n_common_vocab": 4862,
  "cv": 0.35774151271287563,
  "mean_js_to_matched_ref": 0.5000042368968328,
  "mean_top10_overlap_with_ref": 0.35833333333333334,
  "layers_by_topic": {
    "0": "technology",
    "1": "institutional",
    "2": "operational",
    "3": "meta",
    "4": "institutional",
    "5": "institutional",
    "6": "operational",
    "7": "technology",
    "8": "institutional",
    "9": "technology",
    "10": "technology",
    "11": "institutional"
  },
  "table_pct": {
    "operational": {
      "2007-2014": 41.6753721870009,
      "2015-2018": 47.790986698473716,
      "2019-2022": 26.051890818602665,
      "2023-2026": 13.20273318240576
    },
    "institutional": {
      "2007-2014": 31.48270024712474,
      "2015-2018": 23.750866139616846,
      "2019-2022": 39.407033199018365,
      "2023-2026": 50.91989070038684
    },
    "technology": {
      "2007-2014": 26.598405302956962,
      "2015-2018": 24.968668988203717,
      "2019-2022": 27.996479930411116,
      "2023-2026": 27.506476315068085
    },
    "meta": {
      "2007-2014": 0.24352504836618513,
      "2015-2018": 3.4894756396897724,
      "2019-2022": 6.544597733979268,
      "2023-2026": 8.370900688479804
    }
  },
  "op_first": 41.6753721870009,
  "op_last": 13.20273318240576,
  "op_delta": -28.472639004595145,
  "op_monotone_decline": false,
  "inst_first": 31.48270024712474,
  "inst_last": 50.91989070038684,
  "inst_delta": 19.437190453262097,
  "crossover_last_period": true,
  "tech_delta": 0.9080710121111224,
  "meta_delta": 8.127375640113618,
  "corr_with_thesis_table": 0.7649603019872239,
  "max_abs_dev_pp": 22.948109181397335
}