{
  "run_id": "C_unigrams_s42",
  "axis": "C_prepro",
  "variant": "unigrams",
  "k": 12,
  "seed": 42,
  "n_terms": 3596,
  "n_common_vocab": 3455,
  "cv": 0.43582761290180433,
  "mean_js_to_matched_ref": 0.5471825699011484,
  "mean_top10_overlap_with_ref": 0.16666666666666666,
  "layers_by_topic": {
    "0": "technology",
    "1": "meta",
    "2": "institutional",
    "3": "technology",
    "4": "institutional",
    "5": "operational",
    "6": "operational",
    "7": "operational",
    "8": "operational",
    "9": "technology",
    "10": "technology",
    "11": "operational"
  },
  "table_pct": {
    "operational": {
      "2007-2014": 35.234551499585606,
      "2015-2018": 48.34274776785605,
      "2019-2022": 41.38203719421452,
      "2023-2026": 28.514908271006334
    },
    "institutional": {
      "2007-2014": 33.9056653045797,
      "2015-2018": 28.868176953146758,
      "2019-2022": 29.182428532326917,
      "2023-2026": 30.714223991367362
    },
    "technology": {
      "2007-2014": 30.813870900237816,
      "2015-2018": 21.719610283980728,
      "2019-2022": 27.205538524390754,
      "2023-2026": 28.905212863044955
    },
    "meta": {
      "2007-2014": 0.045912669035412065,
      "2015-2018": 1.069467045708734,
      "2019-2022": 2.229997600427143,
      "2023-2026": 11.86565386821788
    }
  },
  "op_first": 35.234551499585606,
  "op_last": 28.514908271006334,
  "op_delta": -6.719643228579272,
  "op_monotone_decline": false,
  "inst_first": 33.9056653045797,
  "inst_last": 30.714223991367362,
  "inst_delta": -3.191441313212337,
  "crossover_last_period": true,
  "tech_delta": -1.9086580371928612,
  "meta_delta": 11.819741199182468,
  "corr_with_thesis_table": 0.8672822011735484,
  "max_abs_dev_pp": 23.665448500414392
}