{
  "run_id": "C_vocab_loose_s42",
  "axis": "C_prepro",
  "variant": "vocab_loose",
  "k": 12,
  "seed": 42,
  "n_terms": 10148,
  "n_common_vocab": 5002,
  "cv": 0.3666450820590037,
  "mean_js_to_matched_ref": 0.5389977917075157,
  "mean_top10_overlap_with_ref": 0.09166666666666667,
  "layers_by_topic": {
    "0": "operational",
    "1": "operational",
    "2": "institutional",
    "3": "technology",
    "4": "technology",
    "5": "meta",
    "6": "institutional",
    "7": "operational",
    "8": "technology",
    "9": "institutional",
    "10": "operational",
    "11": "institutional"
  },
  "table_pct": {
    "operational": {
      "2007-2014": 59.4740725975195,
      "2015-2018": 65.72599784374688,
      "2019-2022": 42.7466978920711,
      "2023-2026": 34.67995930322445
    },
    "institutional": {
      "2007-2014": 22.408919716175056,
      "2015-2018": 27.05924831898301,
      "2019-2022": 38.673488550488806,
      "2023-2026": 41.345123473414944
    },
    "technology": {
      "2007-2014": 16.291869341390942,
      "2015-2018": 5.815713304982637,
      "2019-2022": 13.3383672312185,
      "2023-2026": 20.583734259808274
    },
    "meta": {
      "2007-2014": 1.8251376772241201,
      "2015-2018": 1.3990427286626073,
      "2019-2022": 5.241445570176842,
      "2023-2026": 3.3911784461944685
    }
  },
  "op_first": 59.4740725975195,
  "op_last": 34.67995930322445,
  "op_delta": -24.79411329429505,
  "op_monotone_decline": false,
  "inst_first": 22.408919716175056,
  "inst_last": 41.345123473414944,
  "inst_delta": 18.936203757239888,
  "crossover_last_period": true,
  "tech_delta": 4.291864918417332,
  "meta_delta": 1.5660407689703484,
  "corr_with_thesis_table": 0.978359770188074,
  "max_abs_dev_pp": 8.373488550488805
}