{
  "run_id": "C_vocab_loose_s13",
  "axis": "C_prepro",
  "variant": "vocab_loose",
  "k": 12,
  "seed": 13,
  "n_terms": 10148,
  "n_common_vocab": 5002,
  "cv": 0.3525617679027953,
  "mean_js_to_matched_ref": 0.5214641665418943,
  "mean_top10_overlap_with_ref": 0.1166666666666667,
  "layers_by_topic": {
    "0": "institutional",
    "1": "institutional",
    "2": "technology",
    "3": "institutional",
    "4": "operational",
    "5": "meta",
    "6": "operational",
    "7": "institutional",
    "8": "operational",
    "9": "institutional",
    "10": "institutional",
    "11": "institutional"
  },
  "table_pct": {
    "operational": {
      "2007-2014": 51.345279968730516,
      "2015-2018": 67.07341176267619,
      "2019-2022": 49.86512565971579,
      "2023-2026": 28.304900386469473
    },
    "institutional": {
      "2007-2014": 45.44848953701148,
      "2015-2018": 29.761107132344478,
      "2019-2022": 41.610219928160305,
      "2023-2026": 48.16171124646
    },
    "technology": {
      "2007-2014": 1.3004082241119854,
      "2015-2018": 1.3399992963331897,
      "2019-2022": 5.147073159658046,
      "2023-2026": 6.2766078882494485
    },
    "meta": {
      "2007-2014": 1.9058227579989762,
      "2015-2018": 1.82548238891286,
      "2019-2022": 3.3775792273041185,
      "2023-2026": 17.25677753201277
    }
  },
  "op_first": 51.345279968730516,
  "op_last": 28.304900386469473,
  "op_delta": -23.040379582261043,
  "op_monotone_decline": false,
  "inst_first": 45.44848953701148,
  "inst_last": 48.16171124646,
  "inst_delta": 2.7132217094485185,
  "crossover_last_period": true,
  "tech_delta": 4.976199664137463,
  "meta_delta": 15.350954774013793,
  "corr_with_thesis_table": 0.8904421137431707,
  "max_abs_dev_pp": 20.148489537011482
}