{
  "run_id": "C_vocab_strict_s42",
  "axis": "C_prepro",
  "variant": "vocab_strict",
  "k": 12,
  "seed": 42,
  "n_terms": 2465,
  "n_common_vocab": 2465,
  "cv": 0.37150347526734034,
  "mean_js_to_matched_ref": 0.5079262256622314,
  "mean_top10_overlap_with_ref": 0.25833333333333336,
  "layers_by_topic": {
    "0": "institutional",
    "1": "institutional",
    "2": "institutional",
    "3": "operational",
    "4": "operational",
    "5": "institutional",
    "6": "technology",
    "7": "institutional",
    "8": "meta",
    "9": "technology",
    "10": "technology",
    "11": "institutional"
  },
  "table_pct": {
    "operational": {
      "2007-2014": 29.322073104473628,
      "2015-2018": 44.54016039209819,
      "2019-2022": 29.56830805851496,
      "2023-2026": 13.508977625792795
    },
    "institutional": {
      "2007-2014": 46.429473760933135,
      "2015-2018": 32.28078674801509,
      "2019-2022": 44.74300285949236,
      "2023-2026": 44.95770189227339
    },
    "technology": {
      "2007-2014": 23.981740130451122,
      "2015-2018": 19.026179803313426,
      "2019-2022": 20.55594989956363,
      "2023-2026": 38.19344687108999
    },
    "meta": {
      "2007-2014": 0.26671141580057645,
      "2015-2018": 4.15287241083206,
      "2019-2022": 5.132738081803028,
      "2023-2026": 3.339875216655249
    }
  },
  "op_first": 29.322073104473628,
  "op_last": 13.508977625792795,
  "op_delta": -15.813095478680832,
  "op_monotone_decline": false,
  "inst_first": 46.429473760933135,
  "inst_last": 44.95770189227339,
  "inst_delta": -1.4717718686597436,
  "crossover_last_period": true,
  "tech_delta": 14.211706740638867,
  "meta_delta": 3.0731638008546724,
  "corr_with_thesis_table": 0.6910606149255764,
  "max_abs_dev_pp": 29.57792689552637
}