{
  "run_id": "A_k12_s42",
  "axis": "A_seeds",
  "variant": "reference_prepro",
  "k": 12,
  "seed": 42,
  "n_terms": 5002,
  "n_common_vocab": 5002,
  "cv": 0.40103166775714866,
  "mean_js_to_matched_ref": 0.0,
  "mean_top10_overlap_with_ref": 1.0,
  "layers_by_topic": {
    "0": "operational",
    "1": "technology",
    "2": "technology",
    "3": "institutional",
    "4": "meta",
    "5": "technology",
    "6": "operational",
    "7": "operational",
    "8": "operational",
    "9": "institutional",
    "10": "institutional",
    "11": "technology"
  },
  "table_pct": {
    "operational": {
      "2007-2014": 58.881324232728126,
      "2015-2018": 57.87215310296233,
      "2019-2022": 49.03091723121179,
      "2023-2026": 32.193307042704575
    },
    "institutional": {
      "2007-2014": 25.33816869745351,
      "2015-2018": 30.62420249061688,
      "2019-2022": 30.31635907101089,
      "2023-2026": 35.71450391089759
    },
    "technology": {
      "2007-2014": 15.505247408752135,
      "2015-2018": 8.796027778425923,
      "2019-2022": 16.7592950906611,
      "2023-2026": 24.227678754395278
    },
    "meta": {
      "2007-2014": 0.27526021252318367,
      "2015-2018": 2.7076194641631446,
      "2019-2022": 3.893430863859572,
      "2023-2026": 7.864510822681344
    }
  },
  "op_first": 58.881324232728126,
  "op_last": 32.193307042704575,
  "op_delta": -26.68801719002355,
  "op_monotone_decline": true,
  "inst_first": 25.33816869745351,
  "inst_last": 35.71450391089759,
  "inst_delta": 10.37633521344408,
  "crossover_last_period": true,
  "tech_delta": 8.722431345643143,
  "meta_delta": 7.58925061015816,
  "corr_with_thesis_table": 0.9999991626350632,
  "max_abs_dev_pp": 0.04070490933889914
}