{
  "run_id": "A_k12_s2024",
  "axis": "A_seeds",
  "variant": "reference_prepro",
  "k": 12,
  "seed": 2024,
  "n_terms": 5002,
  "n_common_vocab": 5002,
  "cv": 0.37107604734197436,
  "mean_js_to_matched_ref": 0.5220664391915003,
  "mean_top10_overlap_with_ref": 0.3083333333333333,
  "layers_by_topic": {
    "0": "institutional",
    "1": "operational",
    "2": "institutional",
    "3": "technology",
    "4": "institutional",
    "5": "operational",
    "6": "technology",
    "7": "operational",
    "8": "operational",
    "9": "technology",
    "10": "operational",
    "11": "institutional"
  },
  "table_pct": {
    "operational": {
      "2007-2014": 56.040995341087786,
      "2015-2018": 62.36477118092807,
      "2019-2022": 39.33722247342909,
      "2023-2026": 34.64617822100233
    },
    "institutional": {
      "2007-2014": 20.44173692853898,
      "2015-2018": 18.243623053494957,
      "2019-2022": 28.99141609306551,
      "2023-2026": 48.03514296237002
    },
    "technology": {
      "2007-2014": 23.51727194381965,
      "2015-2018": 19.391606812168902,
      "2019-2022": 31.671361194409354,
      "2023-2026": 17.31867917509362
    },
    "meta": {
      "2007-2014": 0.0,
      "2015-2018": 0.0,
      "2019-2022": 0.0,
      "2023-2026": 0.0
    }
  },
  "op_first": 56.040995341087786,
  "op_last": 34.64617822100233,
  "op_delta": -21.394817120085456,
  "op_monotone_decline": false,
  "inst_first": 20.44173692853898,
  "inst_last": 48.03514296237002,
  "inst_delta": 27.593406033831037,
  "crossover_last_period": true,
  "tech_delta": -6.19859276872603,
  "meta_delta": 0.0,
  "corr_with_thesis_table": 0.9132327402362793,
  "max_abs_dev_pp": 14.871361194409353
}