{
  "run_id": "B_k10_s99",
  "axis": "B_k",
  "variant": "k10",
  "k": 10,
  "seed": 99,
  "n_terms": 5002,
  "n_common_vocab": 5002,
  "cv": 0.3922818996779299,
  "mean_js_to_matched_ref": 0.5039670139551162,
  "mean_top10_overlap_with_ref": 0.29000000000000004,
  "layers_by_topic": {
    "0": "operational",
    "1": "operational",
    "2": "institutional",
    "3": "institutional",
    "4": "operational",
    "5": "institutional",
    "6": "technology",
    "7": "institutional",
    "8": "operational",
    "9": "technology"
  },
  "table_pct": {
    "operational": {
      "2007-2014": 44.58658260300581,
      "2015-2018": 54.16565433388314,
      "2019-2022": 32.6516689841891,
      "2023-2026": 27.029853920468366
    },
    "institutional": {
      "2007-2014": 37.62611063848453,
      "2015-2018": 29.371809425847463,
      "2019-2022": 44.38251778179417,
      "2023-2026": 48.94703399010041
    },
    "technology": {
      "2007-2014": 17.787308692156024,
      "2015-2018": 16.462536148155777,
      "2019-2022": 22.965814826505568,
      "2023-2026": 24.023114075710815
    },
    "meta": {
      "2007-2014": 0.0,
      "2015-2018": 0.0,
      "2019-2022": 0.0,
      "2023-2026": 0.0
    }
  },
  "op_first": 44.58658260300581,
  "op_last": 27.029853920468366,
  "op_delta": -17.556728682537443,
  "op_monotone_decline": false,
  "inst_first": 37.62611063848453,
  "inst_last": 48.94703399010041,
  "inst_delta": 11.320923351615875,
  "crossover_last_period": true,
  "tech_delta": 6.235805383554791,
  "meta_delta": 0.0,
  "corr_with_thesis_table": 0.8817318142242846,
  "max_abs_dev_pp": 16.3483310158109
}