{
  "run_id": "B_k10_s13",
  "axis": "B_k",
  "variant": "k10",
  "k": 10,
  "seed": 13,
  "n_terms": 5002,
  "n_common_vocab": 5002,
  "cv": 0.4085299552297889,
  "mean_js_to_matched_ref": 0.4687327861785889,
  "mean_top10_overlap_with_ref": 0.48,
  "layers_by_topic": {
    "0": "operational",
    "1": "meta",
    "2": "operational",
    "3": "operational",
    "4": "technology",
    "5": "institutional",
    "6": "institutional",
    "7": "technology",
    "8": "institutional",
    "9": "institutional"
  },
  "table_pct": {
    "operational": {
      "2007-2014": 59.42397007778103,
      "2015-2018": 50.05254990906906,
      "2019-2022": 38.0327896701864,
      "2023-2026": 28.89567238615503
    },
    "institutional": {
      "2007-2014": 28.63674889322283,
      "2015-2018": 32.25497224317223,
      "2019-2022": 40.28565624571153,
      "2023-2026": 40.08023442552637
    },
    "technology": {
      "2007-2014": 11.035007359714655,
      "2015-2018": 14.06145922586802,
      "2019-2022": 15.614717349219266,
      "2023-2026": 23.478484129596687
    },
    "meta": {
      "2007-2014": 0.9042768331710249,
      "2015-2018": 3.63101771368747,
      "2019-2022": 6.066838219792569,
      "2023-2026": 7.54560985143371
    }
  },
  "op_first": 59.42397007778103,
  "op_last": 28.89567238615503,
  "op_delta": -30.528297691625998,
  "op_monotone_decline": true,
  "inst_first": 28.63674889322283,
  "inst_last": 40.08023442552637,
  "inst_delta": 11.44348553230354,
  "crossover_last_period": true,
  "tech_delta": 12.443476769882032,
  "meta_delta": 6.641333018262685,
  "corr_with_thesis_table": 0.9637754375830282,
  "max_abs_dev_pp": 10.967210329813597
}