{
  "run_id": "B_k10_s42",
  "axis": "B_k",
  "variant": "k10",
  "k": 10,
  "seed": 42,
  "n_terms": 5002,
  "n_common_vocab": 5002,
  "cv": 0.3995325910825174,
  "mean_js_to_matched_ref": 0.23637037128210067,
  "mean_top10_overlap_with_ref": 0.6799999999999999,
  "layers_by_topic": {
    "0": "operational",
    "1": "technology",
    "2": "technology",
    "3": "institutional",
    "4": "meta",
    "5": "technology",
    "6": "operational",
    "7": "operational",
    "8": "operational",
    "9": "institutional"
  },
  "table_pct": {
    "operational": {
      "2007-2014": 70.54907959651851,
      "2015-2018": 67.67497347325843,
      "2019-2022": 58.81275183089504,
      "2023-2026": 39.98204638039245
    },
    "institutional": {
      "2007-2014": 13.896253666886574,
      "2015-2018": 18.353009372258384,
      "2019-2022": 16.440565003585007,
      "2023-2026": 18.20209132636895
    },
    "technology": {
      "2007-2014": 15.137926141687785,
      "2015-2018": 11.540315562215255,
      "2019-2022": 21.015551512132838,
      "2023-2026": 32.479005152765694
    },
    "meta": {
      "2007-2014": 0.41674180841558456,
      "2015-2018": 2.431703668735281,
      "2019-2022": 3.73113365288494,
      "2023-2026": 9.336857803422543
    }
  },
  "op_first": 70.54907959651851,
  "op_last": 39.98204638039245,
  "op_delta": -30.567033216126063,
  "op_monotone_decline": true,
  "inst_first": 13.896253666886574,
  "inst_last": 18.20209132636895,
  "inst_delta": 4.305837659482377,
  "crossover_last_period": false,
  "tech_delta": 17.34107901107791,
  "meta_delta": 8.920115995006958,
  "corr_with_thesis_table": 0.918908561531661,
  "max_abs_dev_pp": 17.497908673631052
}