{
  "run_id": "C_no_domain_stop_s13",
  "axis": "C_prepro",
  "variant": "no_domain_stop",
  "k": 12,
  "seed": 13,
  "n_terms": 5517,
  "n_common_vocab": 4862,
  "cv": 0.38756748471496033,
  "mean_js_to_matched_ref": 0.5225965976715088,
  "mean_top10_overlap_with_ref": 0.3333333333333333,
  "layers_by_topic": {
    "0": "institutional",
    "1": "operational",
    "2": "technology",
    "3": "operational",
    "4": "institutional",
    "5": "operational",
    "6": "technology",
    "7": "meta",
    "8": "institutional",
    "9": "institutional",
    "10": "institutional",
    "11": "institutional"
  },
  "table_pct": {
    "operational": {
      "2007-2014": 25.404713411080593,
      "2015-2018": 29.40958633640548,
      "2019-2022": 15.604172464340484,
      "2023-2026": 18.620770817165067
    },
    "institutional": {
      "2007-2014": 44.79768016920691,
      "2015-2018": 54.49769253511476,
      "2019-2022": 60.435944639373496,
      "2023-2026": 51.0282150872816
    },
    "technology": {
      "2007-2014": 29.787053245915256,
      "2015-2018": 13.305309385723376,
      "2019-2022": 18.680442559064733,
      "2023-2026": 25.50775922380429
    },
    "meta": {
      "2007-2014": 0.010554330886710279,
      "2015-2018": 2.78741013531544,
      "2019-2022": 5.279442101471229,
      "2023-2026": 4.843256422414774
    }
  },
  "op_first": 25.404713411080593,
  "op_last": 18.620770817165067,
  "op_delta": -6.783942593915526,
  "op_monotone_decline": false,
  "inst_first": 44.79768016920691,
  "inst_last": 51.0282150872816,
  "inst_delta": 6.230534918074689,
  "crossover_last_period": true,
  "tech_delta": -4.279294022110967,
  "meta_delta": 4.832702091528064,
  "corr_with_thesis_table": 0.4823132083208215,
  "max_abs_dev_pp": 33.495286588919406
}