{
  "run_id": "C_unigrams_s7",
  "axis": "C_prepro",
  "variant": "unigrams",
  "k": 12,
  "seed": 7,
  "n_terms": 3596,
  "n_common_vocab": 3455,
  "cv": 0.4075187522451855,
  "mean_js_to_matched_ref": 0.4952698250611623,
  "mean_top10_overlap_with_ref": 0.25833333333333336,
  "layers_by_topic": {
    "0": "operational",
    "1": "institutional",
    "2": "technology",
    "3": "meta",
    "4": "operational",
    "5": "technology",
    "6": "operational",
    "7": "operational",
    "8": "institutional",
    "9": "institutional",
    "10": "institutional",
    "11": "institutional"
  },
  "table_pct": {
    "operational": {
      "2007-2014": 38.087496863954584,
      "2015-2018": 41.67514784354353,
      "2019-2022": 30.063833995106204,
      "2023-2026": 25.519987953104344
    },
    "institutional": {
      "2007-2014": 39.561205600936475,
      "2015-2018": 34.94817294547829,
      "2019-2022": 44.656487532516216,
      "2023-2026": 42.540891673521244
    },
    "technology": {
      "2007-2014": 21.567779831032873,
      "2015-2018": 20.462821385935968,
      "2019-2022": 19.47764034758115,
      "2023-2026": 23.538225466101416
    },
    "meta": {
      "2007-2014": 0.7835170576678744,
      "2015-2018": 2.913858589308802,
      "2019-2022": 5.802040161264207,
      "2023-2026": 8.400893907419988
    }
  },
  "op_first": 38.087496863954584,
  "op_last": 25.519987953104344,
  "op_delta": -12.56750891085024,
  "op_monotone_decline": false,
  "inst_first": 39.561205600936475,
  "inst_last": 42.540891673521244,
  "inst_delta": 2.9796860725847694,
  "crossover_last_period": true,
  "tech_delta": 1.9704456350685433,
  "meta_delta": 7.617376849752113,
  "corr_with_thesis_table": 0.8179735376298357,
  "max_abs_dev_pp": 20.812503136045414
}