{
  "run_id": "C_unigrams_s13",
  "axis": "C_prepro",
  "variant": "unigrams",
  "k": 12,
  "seed": 13,
  "n_terms": 3596,
  "n_common_vocab": 3455,
  "cv": 0.3545493208628576,
  "mean_js_to_matched_ref": 0.49844613174597424,
  "mean_top10_overlap_with_ref": 0.225,
  "layers_by_topic": {
    "0": "operational",
    "1": "institutional",
    "2": "technology",
    "3": "institutional",
    "4": "institutional",
    "5": "technology",
    "6": "meta",
    "7": "operational",
    "8": "operational",
    "9": "operational",
    "10": "institutional",
    "11": "operational"
  },
  "table_pct": {
    "operational": {
      "2007-2014": 53.5094679493947,
      "2015-2018": 51.510258443995546,
      "2019-2022": 46.214574289487146,
      "2023-2026": 40.064233303068406
    },
    "institutional": {
      "2007-2014": 34.94175400137465,
      "2015-2018": 35.37438365914568,
      "2019-2022": 31.05959845057643,
      "2023-2026": 33.393935311498055
    },
    "technology": {
      "2007-2014": 9.705889111986227,
      "2015-2018": 10.808572205296514,
      "2019-2022": 15.643063075476677,
      "2023-2026": 14.679447916031071
    },
    "meta": {
      "2007-2014": 1.8428885035367177,
      "2015-2018": 2.3067866444398533,
      "2019-2022": 7.0827633103342835,
      "2023-2026": 11.862382368440194
    }
  },
  "op_first": 53.5094679493947,
  "op_last": 40.064233303068406,
  "op_delta": -13.445234646326291,
  "op_monotone_decline": true,
  "inst_first": 34.94175400137465,
  "inst_last": 33.393935311498055,
  "inst_delta": -1.5478186898765927,
  "crossover_last_period": false,
  "tech_delta": 4.973558804044844,
  "meta_delta": 10.019493864903476,
  "corr_with_thesis_table": 0.959850296568408,
  "max_abs_dev_pp": 9.641754001374647
}