{
  "run_id": "C_vocab_loose_s7",
  "axis": "C_prepro",
  "variant": "vocab_loose",
  "k": 12,
  "seed": 7,
  "n_terms": 10148,
  "n_common_vocab": 5002,
  "cv": 0.39629535185504067,
  "mean_js_to_matched_ref": 0.5165535335739454,
  "mean_top10_overlap_with_ref": 0.13333333333333336,
  "layers_by_topic": {
    "0": "operational",
    "1": "institutional",
    "2": "institutional",
    "3": "operational",
    "4": "operational",
    "5": "technology",
    "6": "institutional",
    "7": "institutional",
    "8": "institutional",
    "9": "operational",
    "10": "meta",
    "11": "technology"
  },
  "table_pct": {
    "operational": {
      "2007-2014": 49.53613244491255,
      "2015-2018": 52.51502214136053,
      "2019-2022": 40.527822091624124,
      "2023-2026": 36.72533353382619
    },
    "institutional": {
      "2007-2014": 46.361480767306304,
      "2015-2018": 41.51693015774981,
      "2019-2022": 48.4258956511298,
      "2023-2026": 38.10680661769841
    },
    "technology": {
      "2007-2014": 0.6978896226731497,
      "2015-2018": 3.056000224169111,
      "2019-2022": 5.852013208540383,
      "2023-2026": 4.021125404085524
    },
    "meta": {
      "2007-2014": 3.4044962997541006,
      "2015-2018": 2.9120467565371655,
      "2019-2022": 5.194265302173638,
      "2023-2026": 21.146731986954137
    }
  },
  "op_first": 49.53613244491255,
  "op_last": 36.72533353382619,
  "op_delta": -12.810798911086366,
  "op_monotone_decline": false,
  "inst_first": 46.361480767306304,
  "inst_last": 38.10680661769841,
  "inst_delta": -8.254674149607894,
  "crossover_last_period": true,
  "tech_delta": 3.3232357814123743,
  "meta_delta": 17.742235687200036,
  "corr_with_thesis_table": 0.8271468857622979,
  "max_abs_dev_pp": 21.061480767306303
}