{
  "ref_cv_same_method": 0.40103166775714866,
  "table_pct": {
    "operational": {
      "2007-2014": 58.9,
      "2015-2018": 57.9,
      "2019-2022": 49.0,
      "2023-2026": 32.2
    },
    "institutional": {
      "2007-2014": 25.3,
      "2015-2018": 30.6,
      "2019-2022": 30.3,
      "2023-2026": 35.7
    },
    "technology": {
      "2007-2014": 15.5,
      "2015-2018": 8.8,
      "2019-2022": 16.8,
      "2023-2026": 24.2
    },
    "meta": {
      "2007-2014": 0.3,
      "2015-2018": 2.7,
      "2019-2022": 3.9,
      "2023-2026": 7.9
    }
  },
  "thesis_table41": {
    "operational": {
      "2007-2014": 58.9,
      "2015-2018": 57.9,
      "2019-2022": 49.0,
      "2023-2026": 32.2
    },
    "institutional": {
      "2007-2014": 25.3,
      "2015-2018": 30.6,
      "2019-2022": 30.3,
      "2023-2026": 35.7
    },
    "technology": {
      "2007-2014": 15.5,
      "2015-2018": 8.8,
      "2019-2022": 16.8,
      "2023-2026": 24.2
    },
    "meta": {
      "2007-2014": 0.3,
      "2015-2018": 2.7,
      "2019-2022": 3.9,
      "2023-2026": 7.9
    }
  },
  "max_abs_dev_pp": 0.04065544243947272
}