{
  "cv_by_seed": {
    "42": 0.4833367703247515,
    "7": 0.4970552742920733,
    "13": 0.4956292855057495,
    "21": 0.4533167984151553,
    "99": 0.4591052610608199
  },
  "best_seed": 42,
  "seed_selection": "interpretabilidade (painel de ju\u00edzes)",
  "mean_ari": 0.13482358600136835,
  "mean_top10_overlap": 0.3408333333333333,
  "n_terms": 5002,
  "k": 12,
  "alpha": 0.1,
  "eta": 0.01,
  "passes": 20,
  "iterations": 400
}